household_class,NPV
HFR,183477.08100469704
HMR,217760.53955679867
MFIR,271945.94373592245
MFR,238525.95047635
MMIR,315805.2492797319
MMR,271945.94373592245
