household_class,NPV,mean_profit,min_profit,max_profit
HFR,758645.8147558935,112241.92063492062,112241.92063492062,112241.92063492062
HMR,828271.216446944,122543.02380952382,122543.02380952382,122543.02380952382
MFIR,1037147.4215200953,153446.33333333334,153446.33333333334,153446.33333333334
MFR,968528.4170180698,143294.12698412698,143294.12698412698,143294.12698412698
MMIR,1123692.7519020827,166250.74603174604,166250.74603174604,166250.74603174604
MMR,1037147.4215200953,153446.33333333334,153446.33333333334,153446.33333333334
