metric,RMSE,MAPE_%
rev_crops,10946.740093077939,100.0
rev_livestock,204944.73233913584,12776.363889728162
off_farm_labor,2412.9616436653114,100.0
cost_crop_inputs,2023.1064540016346,54.40579278541674
cost_livestock,50894.02104797199,16324.00772591362
cost_hired_labor,11018.074616260472,1084.812195602631
